"Град","Код","Име","БЕЛ","МАТ","Уч. БЕЛ","Уч. МАТ"
"София","2201078","78. Средно училище Христо Смирненски","29.33","17.12","38","35"
"София","2201400","Професионална гимназия по туризъм Алеко Константинов","28.77","14.21","71","69"
"София","2210117","117. СУ","30.06","15.89","24","24"
"София","2215170","170 Средно училище Васил Левски","43.26","20.99","80","79"
"София","2215172","172 Обединено училище Христо Ботев","18.07","9.93","14","15"
"София","2200013","Частна професионална гимназия по дигитални науки СофтУни Будител","50.93","35.14","69","60"
"София","2200021","ЧСУ Роналд Лаудер","65.21","46.06","12","12"
"София","2200023","Частно средно училище Константин-Кирил Философ","37.83","18.83","3","3"
"София","2200024","Частно средно училище Наука за деца","78.58","78.75","13","13"
"София","2200039","Частна гимназия по природни науки и предприемачество Асен Йорданов","47.67","29.88","3","2"
"София","2200040","ЧАСТНА ПРОФИЛИРАНА ГИМНАЗИЯ ПРОГРЕСИВНО ОБРАЗОВАНИЕ - СОФИЯ","44.25","0","2","0"
"София","2200042","ЧАСТНА ПРОФЕСИОНАЛНА ГИМНАЗИЯ ПО СЦЕНИЧНИ ИЗКУСТВА И МЕНИДЖМЪНТ АКАТАМУС - СОФИЯ","55.23","60.91","11","11"
"София","2202002","2 Средно училище Академик Емилиян Станев ","53.4","32.25","107","102"
"София","2202026","26 Средно училище Йордан Йовков","40.41","25.66","23","23"
"София","2202401","Професионална гимназия по екология и биотехнологии Проф. д-р Асен Златаров","38.62","17.93","115","115"
"София","2202534","Частно профилирано средно училище Свети Наум","59.53","40.57","15","15"
"София","2202535","ЧСУ Рьорих с ранно чуждоезиково обучение и разширено изучаване на музика и изобразително изкуство","42.1","22.41","15","11"
"София","2202536","Частно средно езиково училище Британика","73.32","69.95","25","25"
"София","2202574","Частно средно училище Свети Георги","58.19","50.7","26","23"
"София","2202612","Специално училище за ученици с увреден слух Проф. д-р Дечо Денев","44","51.39","8","9"
"София","2202620","Частно средно училище Професор Николай Райнов","45.94","23.04","9","7"
"София","2202704","Частно средно училище Евлоги и Христо Георгиеви ЕООД","66.83","0","3","0"
"София","2202705","Частно средно Монтесори училище Откривател","63.5","35","1","1"
"София","2203074","74 СУ ГОЦЕ ДЕЛЧЕВ","32.02","17.12","46","45"
"София","2203140","140. СРЕДНО УЧИЛИЩЕ ИВАН БОГОРОВ","37.73","15.1","75","73"
"София","2203603","Специално училище за ученици с нарушено зрение ЛУИ БРАЙЛ","48","0","1","0"
"София","2203720","Частно средно училище Дружба - София","56.42","31.31","13","8"
"София","2204018","18 Средно училище Уилям Гладстон","66.4","44.97","205","194"
"София","2204030","30 СРЕДНО УЧИЛИЩЕ БРАТЯ МИЛАДИНОВИ","62.65","39.87","80","77"
"София","2204032","32. СРЕДНО УЧИЛИЩЕ С ИЗУЧАВАНЕ НА ЧУЖДИ ЕЗИЦИ СВЕТИ КЛИМЕНТ ОХРИДСКИ","66.95","54.21","159","159"
"София","2204091","91. НЕМСКА ЕЗИКОВА ГИМНАЗИЯ Професор Константин Гълъбов","76.29","71.79","190","190"
"София","2204134","134. средно училище Димчо Дебелянов","71.43","45.64","81","81"
"София","2204311","Профилирана гимназия с интензивно изучаване на румънски език МИХАЙ ЕМИНЕСКУ","46.19","22.53","65","65"
"София","2204402","НАЦИОНАЛНА ПРОФЕСИОНАЛНА ГИМНАЗИЯ ПО ПРЕЦИЗНА ТЕХНИКА И ОПТИКА М. В. Ломоносов","57.85","54.68","191","192"
"София","2204403","ПРОФЕСИОНАЛНА ГИМНАЗИЯ ПО ТЕКСТИЛНИ И КОЖЕНИ ИЗДЕЛИЯ","20.14","11.65","58","58"
"София","2204405","ПРОФЕСИОНАЛНА ГИМНАЗИЯ ПО ПОДЕМНА, СТРОИТЕЛНА И ТРАНСПОРТНА ТЕХНИКА","32.55","40.99","19","22"
"София","2204511","Частна профилирана гимназия с чуждоезиково обучение Езиков свят","47.36","42.96","7","6"
"София","2204549","Частно средно училище с немски език Веда","60.8","43.7","5","5"
"София","2205105","105. СРЕДНО УЧИЛИЩЕ АТАНАС ДАЛЧЕВ","58.82","25.12","80","65"
"София","2205119","119 Средно училище Академик Михаил Арнаудов","62.58","35.07","107","89"
"София","2205407","СОФИЙСКА ПРОФЕСИОНАЛНА ГИМНАЗИЯ по ЕЛЕКТРОНИКА Джон Атанасов","61.25","57.53","189","185"
"София","2205520","Частна езикова гимназия Проф.Иван Апостолов","71.7","57.7","67","67"
"София","2206003","3. СУ Марин Дринов","52.27","22.74","47","40"
"София","2206113","113 СУ САВА ФИЛАРЕТОВ","13.47","12.66","29","29"
"София","2206302","Втора английска езикова гимназия Томас Джеферсън","73.51","67.57","196","194"
"София","2206409","Професионална гимназия по транспорт и енергетика Хенри Форд","34.22","18.81","217","220"
"София","2206410","ПРОФЕСИОНАЛНА ГИМНАЗИЯ ПО ВИСОКИ ТЕХНОЛОГИИ А. С. ПОПОВ","44.19","26.52","153","149"
"София","2206411","Професионална гимназия по хранително-вкусови технологии Проф. д-р Георги Павлов","25.72","13.47","69","63"
"София","2207068","68. Средно училище Академик Никола Обрешков","35.01","17.46","74","74"
"София","2207069","69 Средно училище Димитър Маринов","30.34","15.08","19","19"
"София","2207108","108 Средно училище Никола Беловеждов","47.08","22.89","52","52"
"София","2208028","28 Средно училище Алеко Константинов","55.83","55.88","77","77"
"София","2208123","123 Средно училищe Стефан Стамболов","23.07","12.99","41","39"
"София","2208135","135 средно училище Ян Амос Коменски","38.16","17.12","28","26"
"София","2208413","Софийска гимназия по хлебни и сладкарски технологии","31.66","20.16","53","50"
"София","2209019","19 СРЕДНО УЧИЛИЩЕ ЕЛИН ПЕЛИН","61.19","27.43","80","79"
"София","2209036","36 Средно училище Максим Горки","50.22","20.26","50","48"
"София","2209051","51 СРЕДНО УЧИЛИЩЕ ЕЛИСАВЕТА БАГРЯНА","65.4","46.12","90","87"
"София","2209132","132. Средно училище Ваня Войнова","35.69","17.61","70","68"
"София","2209305","203 Профилирана езикова гимназия Свети Методий","51.46","21.13","127","120"
"София","2209529","Частно езиково средно училище Дорис Тенеди","63.43","38.72","35","35"
"София","2210085","85 Средно училище Отец Паисий","28.98","20.8","20","20"
"София","2210162","162 Средно училище Отец Паисий","13.53","12.58","19","19"
"София","2211021","21 СРЕДНО УЧИЛИЩЕ ХРИСТО БОТЕВ","57.4","30.26","47","31"
"София","2211035","35. СРЕДНО ЕЗИКОВО УЧИЛИЩЕ ДОБРИ ВОЙНИКОВ","70.04","50.42","136","133"
"София","2211304","Национална природо-математическа гимназия Академик Любомир Чакалов","72.42","77.75","191","191"
"София","2211417","Професионална гимназия по облекло Княгиня Мария Луиза","47.13","20.56","116","111"
"София","2211419","СОФИЙСКА ГИМНАЗИЯ ПО СТРОИТЕЛСТВО, АРХИТЕКТУРА И ГЕОДЕЗИЯ ХРИСТО БОТЕВ","65.51","48.13","185","181"
"София","2211420","НАЦИОНАЛНА ФИНАНСОВО-СТОПАНСКА ГИМНАЗИЯ","63.46","41.48","184","183"
"София","2211517","ЧАСТНА ПРОФЕСИОНАЛНА ГИМНАЗИЯ БАНКЕР","48.33","54.67","12","9"
"София","2211557","Духовно Училище Софийска духовна семинария Св. Иван Рилски","39","20.58","10","10"
"София","2211564","Частно средно училище Българско школо ООД","62.36","0","7","0"
"София","2212027","27. Средно училище Акад. Георги Караславов","34.14","24.48","22","22"
"София","2212037","37. Средно училище Райна Княгиня","29","35.1","38","39"
"София","2212040","40 Средно училище Луи Пастьор","43.06","36.73","52","48"
"София","2212056","56. Средно училище Професор Константин Иречек","44.38","21.95","73","73"
"София","2212079","79 средно училище Индира Ганди","30.88","16.97","44","44"
"София","2212090","90 Средно училище Генерал Хосе де Сан Мартин","44.83","20.16","44","43"
"София","2212096","96 Средно училище Лев Николаевич Толстой","50.02","42.48","105","94"
"София","2212097","97 Средно училище Братя Миладинови","42.48","19.68","74","63"
"София","2212137","137 средно училище Ангел Кънчев","46.93","17.92","76","74"
"София","2212303","33. Езикова гимназия Света София","54.22","22.82","129","122"
"София","2212553","Частно средно училище Петко Рачов Славейков","51.29","34.79","7","7"
"София","2213010","10 Средно училище Теодор Траянов ","43.39","19.17","48","48"
"София","2213039","39 Средно училище Петър Динеков","45.34","20.84","74","70"
"София","2213081","81. Средно училище Виктор Юго","48.26","24","50","38"
"София","2213118","118 Средно училище Академик Людмил Стоянов","48.81","23.49","51","48"
"София","2213125","125 СУ Боян Пенев с изучаване на чужди езици","59.07","33.19","49","44"
"София","2213128","128 СРЕДНО УЧИЛИЩЕ АЛБЕРТ АЙНЩАЙН","52.8","32.19","49","48"
"София","2213131","131. СУ Климент Аркадиевич Тимирязев","51.77","51.76","49","43"
"София","2213144","144 Средно училище Народни будители","43.45","19.96","101","99"
"София","2213307","СПОРТНО УЧИЛИЩЕ ГЕН. ВЛАДИМИР СТОЙЧЕВ","39.22","16.81","90","91"
"София","2213350","Технологично училище Електронни системи към Технически Университет - София","69.96","82.62","103","103"
"София","2213503","Частна профилирана гимназия с чуждоезиково обучение Меридиан 22","60.09","33.29","29","29"
"София","2213507","АМЕРИКАНСКИ КОЛЕЖ В СОФИЯ","77.22","82.47","187","188"
"София","2214015","15 Средно училище Адам Мицкевич","34.27","18.76","54","46"
"София","2214054","54. СРЕДНО УЧИЛИЩЕ Свети ИВАН РИЛСКИ","52.74","20.94","76","72"
"София","2214101","101. СРЕДНО УЧИЛИЩЕ БАЧО КИРО","49.95","25.09","52","54"
"София","2214153","153 Спортно училище Неофит Рилски","25.86","14.91","88","73"
"София","2216001","1 Средно училище Пенчо П. Славейков","64.49","56.94","127","123"
"София","2216164","164. гимназия с преподаване на испански език Мигел де Сервантес","78.32","73.65","165","165"
"София","2216301","Първа английска езикова гимназия","70.36","60.02","222","221"
"София","2216306","Софийска математическа гимназия Паисий Хилендарски","73.58","89.95","157","155"
"София","2216309","IV Сменно-вечерна гимназия Отец Паисий ","0","0","1","1"
"София","2216422","Професионална гимназия по механоелектротехника Н.Й.Вапцаров","30.57","18.65","61","60"
"София","2216423","СОФИЙСКА ПРОФЕСИОНАЛНА ГИМНАЗИЯ ПО ТУРИЗЪМ","43.05","19.14","180","174"
"София","2216532","Частно средно училище УВЕКИНД","55.26","41.7","23","19"
"София","2216533","Първа частна английска гимназия Уилям Шекспир-Интелект Инвест","46.63","24.42","20","21"
"София","2217066","66 Средно училище Филип Станиславов","30.94","16.92","17","16"
"София","2217088","88. Средно училище Димитър Попниколов","41.67","19.24","47","47"
"София","2217149","149 Средно училище ,,Иван Хаджийски","45.72","17.41","44","42"
"София","2217151","НАЦИОНАЛНО СРЕДНО УЧИЛИЩЕ СОФИЯ","40.55","19.38","87","84"
"София","2217424","ПРОФЕСИОНАЛНА ГИМНАЗИЯ ПО ЕЛЕКТРОТЕХНИКА И АВТОМАТИКА","39.95","22.93","108","107"
"София","2217426","ПРОФЕСИОНАЛНА ГИМНАЗИЯ Д-Р СТАМЕН ГРИГОРОВ","9.75","9.87","14","15"
"София","2219024","24 Средно училище П.К.Яворов","14.17","11.98","15","12"
"София","2219044","44. Средно училище Неофит Бозвели","54.26","25.46","50","50"
"София","2219095","95 СУ Проф. Иван Шишманов","40.4","36.49","100","99"
"София","2219130","130. средно училище Стефан Караджа","21.78","12.53","16","16"
"София","2219166","166 Спортно училище Васил Левски","42.26","46.92","74","66"
"София","2220014","14. средно училище Проф. д-р Асен Златаров","45.21","19.87","43","43"
"София","2220029","29. Средно училище Кузман Шапкарев","50.1","26.49","99","98"
"София","2220059","59 СРЕДНО УЧИЛИЩЕ ВАСИЛ ЛЕВСКИ","22.86","25.33","22","20"
"София","2220308","Профилирана гимназия за изобразителни изкуства Професор Николай Райнов","52.62","24.88","25","26"
"София","2221023","23 Средно училище Фредерик Жолио-Кюри","57.78","26.67","79","73"
"София","2221031","31 Средно училище за чужди езици и математика Иван Вазов","67.48","52.77","128","125"
"София","2221093","93-то Средно училище Александър Теодоров - Балан","54.5","21.06","106","105"
"София","2221094","94 СРЕДНО УЧИЛИЩЕ Димитър Страшимиров","17.45","13","56","56"
"София","2221138","138. СРЕДНО УЧИЛИЩЕ ЗА ЗАПАДНИ И ИЗТОЧНИ ЕЗИЦИ ПРОФ. ВАСИЛ ЗЛАТАРСКИ","56.56","35.59","100","98"
"София","2221157","157 Гимназия с изучаване на чужд език Сесар Вайехо","55.52","25","125","124"
"София","2221430","ПРОФЕСИОНАЛНА ГИМНАЗИЯ ПО ТРАНСПОРТ МАКГАХАН","28.35","15.75","25","12"
"София","2221563","Първа Частна Математическа Гимназия","74.49","83.4","44","44"
"София","2221590","Частна профилирана гимназия Образователни технологии","55.92","36.42","45","41"
"София","2222007","7. СРЕДНО УЧИЛИЩЕ СВ. СЕДМОЧИСЛЕНИЦИ","67.89","45.2","161","160"
"София","2222009","9 Френска езикова гимназия Алфонс дьо Ламартин","73.97","57.13","219","212"
"София","2222012","12 Средно училище Цар Иван Асен II","61.84","36.09","104","101"
"София","2222127","127 СРЕДНО УЧИЛИЩЕ Иван Николаевич Денкоглу","61.98","34.26","216","216"
"София","2222133","133 Средно училище „Александър Сергеевич Пушкин”","67.93","46.59","104","103"
"София","2223008","8. Средно училище Васил Левски","57.84","62.58","25","24"
"София","2223055","55 СРЕДНО УЧИЛИЩЕ ПЕТКО КАРАВЕЛОВ","54.2","31.53","52","50"
"София","2223431","ПРОФЕСИОНАЛНА ГИМНАЗИЯ ПО ТЕЛЕКОМУНИКАЦИИ","53.4","38.32","184","184"
"София","2223547","ЧАСТНА ЕЗИКОВА ГИМНАЗИЯ ПРОФ.Д-Р В.ЗЛАТАРСКИ","59.11","34.21","37","37"
"София","2224022","22 Средно езиково училище Георги Стойков Раковски","68.3","46.47","165","158"
"София","2224047","47 Средно училище Христо Груев Данов","42.1","22.1","98","91"
"София","2224073","73.СУ с преподаване на чужди езици Владислав Граматик","70.88","58.79","109","104"
"София","2224121","121 СРЕДНО УЧИЛИЩЕ ГЕОРГИ ИЗМИРЛИЕВ","49.59","24.71","100","91"
"София","2224432","Професионална гимназия по дизайн Елисавета Вазова","64.04","36.22","109","105"
"София","2224433","НАЦИОНАЛНА ТЪРГОВСКО - БАНКОВА ГИМНАЗИЯ","63.12","46.32","263","251"
"София","2224544","ЧСУ по изкуства и чужди езици Артис","46.1","19.62","25","17"
"София","2224545","ЧАСТНА ПРОФЕСИОНАЛНА ГИМНАЗИЯ ПО БАНКОВО ДЕЛО ТЪРГОВИЯ И ФИНАНСИ","40.82","21.23","36","31"
"София","2902101","Национално музикално училище Любомир Пипков","51.9","26.84","66","57"
"София","2902301","Национално училище за танцово изкуство","42.98","21.69","68","59"
"София","2902401","Национално училище за изящни изкуства Илия Петров","56.24","32.55","46","39"
"София","2902501","НАЦИОНАЛНА ГИМНАЗИЯ ЗА ПРИЛОЖНИ ИЗКУСТВА СВЕТИ ЛУКА - СОФИЯ","54.4","26.06","96","86"
"София","2902601","Национална професионална гимназия по полиграфия и фотография","54.81","20.46","105","105"
"София","2902701","Национален учебен комплекс по култура с лицей за изучаване на италиански език и култура с участието на Република Италия","63.07","47.54","50","46"
"София","2902702","Национална гимназия за древни езици и култури Константин Кирил Философ","77.39","43.05","74","74"
"София","2218192","192. СРЕДНО УЧИЛИЩЕ ХРИСТО БОТЕВ","32.04","15.87","23","23"
"София","2218071","71 Средно училище Пейо Яворов","34.82","17.31","28","27"
"София","2213600","Частно средно училище с чуждоезиков профил Абрахам Линкълн","62.78","33.89","9","9"
"София","2205408","Софийска професионална гимназия Княгиня Евдокия","42.25","17.12","199","197"
"София","2208057","57 Спортно училище Свети Наум Охридски","32.47","16.62","85","75"
"София","2207412","ПРОФЕСИОНАЛНА ГИМНАЗИЯ ПО ТРАНСПОРТ","31.69","15.52","72","72"
"София","2900001","Българско средно училище Христо Ботев","49","24.5","2","2"
"София","2900102","Българско средно училище Д-р Петър Берон","40.11","23.94","9","9"
"София","2303852","Частна профилирана гимназия с чуждоезиково обучение ЧЕЛОПЕЧ","65.73","30.91","26","26"
"Пловдив","1600017","Частно средно бизнес училище Талантите","54.4","37.75","5","2"
"Пловдив","1600026","Частна професионална гимназия по информатика и компютърни науки Академик Благовест Сендов","45.83","25.65","35","31"
"Пловдив","1690150","Средно училище Любен Каравелов","40.17","22.19","50","49"
"Пловдив","1690153","Хуманитарна гимназия Св. Св. Кирил и Методий","68.69","38.64","177","87"
"Пловдив","1690154","Средно училище СВ. ПАИСИЙ ХИЛЕНДАРСКИ ","53.03","29.88","74","71"
"Пловдив","1690155","Средно училище Свети Климент Охридски","47.38","23.73","108","102"
"Пловдив","1690156","Средно училище Свети Патриарх Евтимий","64.43","30.92","128","115"
"Пловдив","1690157","Средно училище Цар Симеон Велики","38.49","19.48","66","56"
"Пловдив","1690174","Професионална гимназия по електротехника и електроника","51.7","34.33","202","187"
"Пловдив","1690175","Национална търговска гимназия - Пловдив","68.22","47.94","181","161"
"Пловдив","1690176","Професионална гимназия по облекло Ана Май","32.73","19.45","93","92"
"Пловдив","1690177","Професионална гимназия по вътрешна архитектура и дървообработване Христо Ботев","38.64","19.72","94","86"
"Пловдив","1690178","Професионална гимназия по туризъм Проф. д-р Асен Златаров","50.83","21.31","150","145"
"Пловдив","1690179","Професионална гимназия по битова техника","35.1","20.4","124","116"
"Пловдив","1690187","ДУ-Пловдивска духовна семинария Св. Св. Кирил и Методий-Пловдив","44.5","18.33","9","3"
"Пловдив","1690246","Обединено училище Пенчо Славейков","7.04","9.86","35","36"
"Пловдив","1690247","Средно училище Найден Геров","11.67","20.41","61","64"
"Пловдив","1690248","Средно училище Симон Боливар","12.28","12.69","20","18"
"Пловдив","1690271","Специално училище за ученици с увреден слух Проф. Д-р Ст. Белинов","3.5","7.75","4","4"
"Пловдив","1690272","Професионална гимназия по архитектура строителство и геодезия Арх.Камен Петков","50.77","28.08","205","182"
"Пловдив","1690273","Професионална гимназия по транспорт и строителни технологии Гоце Делчев","23.12","14","84","55"
"Пловдив","1690345","Средно училище Свети свети Кирил и Методий","44.96","19.57","69","69"
"Пловдив","1690346","Математическа гимназия Академик Кирил Попов","71.94","73.76","191","194"
"Пловдив","1690347","Спортно училище Васил Левски","30.45","15.28","65","51"
"Пловдив","1690443","Обединено училище Йордан Йовков","9.25","13.5","8","8"
"Пловдив","1690446","Средно училище Никола Вапцаров","41.1","19.9","30","13"
"Пловдив","1690447","Средно училище Пейо Крачолов Яворов","48.77","22.82","49","49"
"Пловдив","1690448","Средно училище Христо Груев Данов","49.48","21.64","23","22"
"Пловдив","1690449","Езикова гимназия Пловдив","72.18","63.22","231","194"
"Пловдив","1690450","Езикова гимназия Иван Вазов","63.78","50.92","186","137"
"Пловдив","1690451","Френска езикова гимназия Антоан дьо Сент - Екзюпери","53.6","26.84","180","170"
"Пловдив","1690472","Професионална гимназия по хранителни технологии и техника","41.43","18.3","179","176"
"Пловдив","1690473","Професионална гимназия по кожени изделия и текстил Д-р Иван Богоров","14.92","12.03","49","48"
"Пловдив","1690542","Средно училище Братя Миладинови","32","19.14","25","19"
"Пловдив","1690549","Средно училище Константин Величков ","44.13","18.57","27","27"
"Пловдив","1690550","Средно училище Свети Константин - Кирил Философ","40.92","18.55","46","46"
"Пловдив","1690572","Професионална гимназия по механотехника Професор Цветан Лазаров","31.85","17.2","158","146"
"Пловдив","1690573","Професионална гимназия по машиностроене","18.85","13.86","37","33"
"Пловдив","1690642","Средно училище Димитър Матевски","44.06","21.31","45","43"
"Пловдив","1690643","Средно училище Свети Седмочисленици","37.38","18.59","48","47"
"Пловдив","1690644","Средно училище Свети Софроний Врачански","36.84","20.09","43","43"
"Пловдив","1690645","Средно училище Черноризец Храбър","59.22","39.53","48","45"
"Пловдив","1690901","ЧАСТНО СРЕДНО УЧИЛИЩЕ ДРУЖБА","59.59","59.58","11","3"
"Пловдив","1690904","Частна профилирана гимназия Класик","60.17","35","3","2"
"Пловдив","1690906","Частна профилирана гимназия Едмънд Бърк","43.59","16.25","17","5"
"Пловдив","1690909","Частна езикова гимназия Стоян Сариев","62.88","0","4","0"
"Пловдив","1690910","Частна професионална гимназия по икономика и управление","44.33","21.67","12","12"
"Пловдив","2902102","Национално училище за музикално и танцово изкуство Добрин Петков","61.75","0","4","0"
"Пловдив","2902302","Национална гимназия за сценични и екранни изкуства","54.17","35.13","27","4"
"Пловдив","2902402","Национална художествена гимназия Цанко Лавренов","61.93","41.29","36","20"
"Варна","400030","Седмо средно училище Найден Геров","49.25","36.48","51","48"
"Варна","400031","Средно училище с езиково обучение Ал. С. Пушкин","64.87","44.89","106","103"
"Варна","400033","Спортно училище Георги Бенковски","36.02","19.16","87","70"
"Варна","400034","Средно училище Гео Милев","51.24","25.44","52","52"
"Варна","400036","Средно училище Елин Пелин","32.73","13.63","20","20"
"Варна","400037","Средно училище Любен Каравелов","25.18","18.69","19","18"
"Варна","400039","Средно училище Пейо Крачолов Яворов","40.93","24.66","43","42"
"Варна","400041","Трета природоматематическа гимназия Академик Методий Попов","63.15","42.03","135","134"
"Варна","400042","ІV Езикова гимназия Фредерик Жолио - Кюри","67.97","43.61","218","214"
"Варна","400043","Гимназия с преподаване на чужди езици Йоан Екзарх","67.32","49.72","184","181"
"Варна","400044","Професионална гимназия по икономика и технологии Д-р Иван Богоров","53.79","30.18","155","155"
"Варна","400045","Първа езикова гимназия","75.72","67.77","234","233"
"Варна","400046","Математическа гимназия Д-р Петър Берон","72.48","80.26","181","182"
"Варна","400047","Средно училище за хуманитарни науки и изкуства Константин Преславски","56.91","30.78","183","176"
"Варна","400055","Професионална техническа гимназия","45.56","25.75","236","230"
"Варна","400058","Професионална гимназия по химични и хранително-вкусови технологии Дм.Ив.Менделеев","41.98","20.72","115","50"
"Варна","400061","Частно средно училище Аз съм българче","42.75","32.83","6","3"
"Варна","400063","Професионална гимназия по строителство архитектура и геодезия Васил Левски","37.81","17.59","198","185"
"Варна","400070","Частна Търговска Гимназия Конто Трейд ЕООД","21.75","19.29","6","6"
"Варна","400074","Частна профилирана гимназия Антоан дьо Сент-Екзюпери","56.16","51.53","31","10"
"Варна","400076","Частна езикова гимназия с изучаване на чужди езици Джордж Байрон","48.02","25.51","28","26"
"Варна","400104","Професионална гимназия по компютърно моделиране и компютърни системи Акад. Бл. Сендов","62.55","60.94","110","110"
"Варна","400132","ЧАСТНО СРЕДНО УЧИЛИЩЕ ДЕМОКРАТИЧНО ОБРАЗОВАНИЕ ВАРНА","0","0","0","0"
"Варна","402030","Варненска търговска гимназия Георги Стойков Раковски","62.38","42.31","153","109"
"Варна","402161","Професионална гимназия по текстил и моден дизайн","36.38","16.33","99","83"
"Варна","402172","Професионална гимназия по горско стопанство и дървообработване Николай Хайтов","30.62","26.24","103","104"
"Варна","402183","Варненска морска гимназия Свети Николай Чудотворец","37.97","22.86","154","148"
"Варна","403531","Професионална гимназия по електротехника","36.38","22.42","194","196"
"Варна","403534","Професионална гимназия по туризъм Професор д-р Асен Златаров","51.74","23.62","213","186"
"Варна","403537","Средно училище Димчо Дебелянов","53","27.39","47","46"
"Варна","403538","Средно училище Неофит Бозвели","32.89","19.12","62","48"
"Варна","403558","Частно средно училище Мечтатели","53.5","25.83","4","3"
"Варна","403564","Частно средно училище Монтесори Варна ООД","30","16","2","2"
"Варна","2902106","НАЦИОНАЛНО УЧИЛИЩЕ ПО ИЗКУСТВАТА ДОБРИ ХРИСТОВ","51.01","29.48","71","68"
"Бургас","200120","Професионална гимназия по компютърно програмиране и иновации","57.96","51.17","99","99"
"Бургас","200216","Обединено училище Васил Левски - кв. Горно Езерово","6.36","8.57","14","14"
"Бургас","200226","Средно училище Св. Климент Охридски - кв. Рудник","8.97","10.47","16","15"
"Бургас","200227","Средно училище Иван Вазов","39.09","19.75","52","51"
"Бургас","200228","Средно училище Йордан Йовков","48.41","22.82","52","46"
"Бургас","200229","Средно училище Епископ Константин Преславски","44.35","20.2","100","97"
"Бургас","200230","Средно училище Димчо Дебелянов","27.53","17.72","45","44"
"Бургас","200231","Средно училище Добри Чинтулов","32.47","13.91","50","49"
"Бургас","200232","Средно училище Константин Петканов","34.33","22.45","38","32"
"Бургас","200233","Средно училище Петко Росен","24.1","11.4","25","21"
"Бургас","200234","Средно училище Св. св. Кирил и Методий","40.93","19.84","69","51"
"Бургас","200235","Профилирана гимназия за романски езици Георги Стойков Раковски","66.8","38.19","182","175"
"Бургас","200236","Английска езикова гимназия Гео Милев","62.12","38.21","162","161"
"Бургас","200237","Немска езикова гимназия Гьоте","72.2","51.24","160","155"
"Бургас","200238","Профилирана гимназия за чужди езици Васил Левски","54.43","21.93","156","149"
"Бургас","200239","Профилирана природоматематическа гимназия Академик Никола Обрешков","72.5","82.31","158","158"
"Бургас","200240","Спортно училище Юрий Гагарин","31.1","15.35","52","50"
"Бургас","200242","Професионална гимназия по туризъм Проф. д-р Асен Златаров","41.61","18.5","173","154"
"Бургас","200243","Професионална гимназия по морско корабоплаване и риболов Свети Никола","26.28","15.95","71","62"
"Бургас","200244","Професионална гимназия по механоелектротехника и електроника","47.75","27.66","155","152"
"Бургас","200245","Професионална гимназия по строителство, архитектура и геодезия Кольо Фичето","53.44","31.94","159","158"
"Бургас","200246","Търговска гимназия","60.58","36.27","157","153"
"Бургас","200247","Професионална гимназия по химични технологии Акад. Н. Д. Зелинский","31.9","15.59","153","146"
"Бургас","200248","Професионална гимназия по електротехника и електроника Константин Фотинов","40.58","26.11","149","148"
"Бургас","200249","Професионална гимназия по транспорт","22.94","15.32","95","92"
"Бургас","200250","Професионална техническа гимназия","12.16","12.92","29","36"
"Бургас","200252","Професионална гимназия по сградостроителство и инсталации Пеньо Пенев","13.05","12.33","30","27"
"Бургас","200258","Частна профилирана гимназия с изучаване на английски език Британика 1998","41.25","14.63","4","2"
"Бургас","2902103","Национално училище за музикално и сценично изкуство Проф. Панчо Владигеров","48.15","25.76","47","20"
"Благоевград","100052","Благоевградска професионална гимназия Ичко Бойчев","22.13","14.69","58","56"
"Благоевград","100070","Седмо средно училище Кузман Шапкарев","36.06","18.07","25","25"
"Благоевград","100190","Езикова гимназия Акад. Людмил Стоянов","66.47","46.09","155","154"
"Благоевград","100200","Природо-математическа гимназия Акад. Сергей Корольов","63.67","48.02","158","157"
"Благоевград","100280","Професионална гимназия по икономика Иван Илиев","46.06","23.74","105","104"
"Благоевград","100300","Професионална гимназия по строителство архитектура и геодезия Васил Левски","43.71","22.84","83","82"
"Благоевград","101250","Средно училище с изучаване на чужди езици Свети Климент Охридски","40.26","18.99","27","19"
"Благоевград","101730","Професионална гимназия по туризъм и лека промишленост Гоце Делчев","26.15","13.67","51","50"
"Благоевград","101870","Национална хуманитарна гимназияСв.св.Кирил и Методий","52.35","29.57","134","134"
"Благоевград","102060","Пето средно училище Георги Измирлиев","38.04","15.88","24","24"
"Велико Търново","300121","Профилирана Хуманитарна гимназия Свети свети Кирил и Методий","39.34","15.45","38","36"
"Велико Търново","300122","Природо-математическа гимназия Васил Друмев","68.83","55.56","134","133"
"Велико Търново","300123","Профилирана езикова гимназия Проф. д-р Асен Златаров","61.29","29.51","127","124"
"Велико Търново","300124","Средно училище Емилиян Станев","61.31","29.87","78","74"
"Велико Търново","300125","Средно училище Вела Благоева","35.16","15.73","16","16"
"Велико Търново","300126","Средно училище Владимир Комаров","27.62","13.47","17","16"
"Велико Търново","300128","Професионална гимназия по строителство архитектура и геодезия Ангел Попов","51.86","26.87","105","105"
"Велико Търново","300129","Старопрестолна професионална гимназия по икономика Д-р Петър Аладжов","46.14","24.78","69","69"
"Велико Търново","300130","Професионална гимназия по електроника Александър Степанович Попов","21.28","17.91","52","52"
"Велико Търново","300131","Професионална гимназия по моден дизайн","28.72","26.95","16","14"
"Велико Търново","300132","Професионална гимназия по туризъм Д-р Васил Берон","44.83","20.78","95","96"
"Велико Търново","300141","Частна профилирана гимназия АК - Аркус ЕООД","70.02","48.62","41","41"
"Велико Търново","300143","Спортно училище Георги Живков","38.9","21.06","35","36"
"Видин","500102","ППМГ Екзарх Антим I","52.55","33.32","77","71"
"Видин","500108","ПТГ Васил Левски","12.03","11.53","19","19"
"Видин","500110","ПГТ Михалаки Георгиев","21.87","31.25","63","61"
"Видин","502035","ПГ Проф. д-р Асен Златаров","41.01","20.03","84","85"
"Видин","503132","СУ Цар Симеон Велики","56.13","31.05","52","52"
"Видин","503241","СУ Св. св. Кирил и Методий","31.45","14.37","21","21"
"Видин","503242","СУ Петко Рачов Славейков","33.04","18.41","24","24"
"Видин","503322","ГПЧЕ Йордан Радичков","59.37","29.35","80","80"
"Враца","600061","Профилирана езикова гимназия Йоан Екзарх","62.13","26.36","106","100"
"Враца","600327","Средно училище Козма Тричков","63.54","23.34","23","23"
"Враца","602062","Профилирана природо-математическа гимназия Академик Иван Ценов","69.13","57.08","104","103"
"Враца","603057","Средно училище Отец Паисий","36.23","18.83","22","12"
"Враца","603058","Средно училище Христо Ботев","56.09","30.31","53","51"
"Враца","603059","Средно училище Васил Кънчов","58.52","40.33","26","26"
"Враца","603065","Професионална техническа гимназия Н. Й. Вапцаров","35.59","19.17","95","95"
"Враца","603067","Професионална гимназия по търговия и ресторантьорство","25.53","14.38","70","69"
"Враца","603070","Средно училище Никола Войводов","53.94","24.9","26","26"
"Враца","603071","Професионална гимназия Димитраки Хаджитошин","33.84","16.25","46","46"
"Враца","608060","Спортно училище Св.Климент Охридски","30.37","13.69","27","27"
"Габрово","700113","Средно училище Отец Паисий","37.2","19.31","27","27"
"Габрово","700115","НАЦИОНАЛНА АПРИЛОВСКА ГИМНАЗИЯ","60.85","34.67","126","125"
"Габрово","700116","Природоматематическа гимназия Академик Иван Гюзелев","69.91","60.1","102","102"
"Габрово","700118","ПРОФЕСИОНАЛНА ТЕХНИЧЕСКА ГИМНАЗИЯ Д-р Никола Василиади","40.3","23.87","123","123"
"Габрово","700120","Професионална гимназия по туризъм Пенчо Семов","38.2","16.19","76","77"
"Добрич","800003","Обединено училище Йордан Йовков","12.84","9.92","19","19"
"Добрич","800012","Спортно училище Георги Стойков Раковски","22.13","12.83","15","12"
"Добрич","800013","Средно училище Димитър Талев","57.86","24.05","25","25"
"Добрич","800015","Средно училище Свети Климент Охридски","55.08","25.02","65","63"
"Добрич","800016","Средно училище Любен Каравелов","46.44","23.27","26","26"
"Добрич","800017","Средно училище Петко Рачов Славейков","54.02","30.93","26","26"
"Добрич","800018","Средно училище Свети свети Кирил и Методий","60","29.69","26","26"
"Добрич","800019","Природоматематическа гимназия Иван Вазов","49.61","25.61","75","74"
"Добрич","800020","Езикова гимназия Гео Милев","70.16","43.57","100","99"
"Добрич","800021","Професионална гимназия по техника и строителство Михаил Василиевич Ломоносов","28.54","16.07","27","28"
"Добрич","800022","Професионална гимназия по ветеринарна медицина Проф. д-р Георги Павлов","34.7","16.85","48","47"
"Добрич","800023","Финансово-стопанска гимназия Васил Левски","49.61","22.91","104","104"
"Добрич","800026","Професионална гимназия по аграрно стопанство","29.79","15.74","43","43"
"Добрич","800028","Професионална гимназия по туризъм П. К. Яворов","26.25","16.53","72","72"
"Добрич","800325","Сдружение Частна профилирана гимназия по туризъм и предприемачество Райко Цончев","58.9","30.15","34","34"
"Добрич","800326","Частно средно училище с профилирана подготовка по чужди езици и математика Леонардо да Винчи","49.5","32","7","7"
"Добрич","800328","Професионална гимназия по транспорт обслужване и лека промишленост","21.59","14.8","44","44"
"Кърджали","909101","Средно училище Владимир Димитров - Майстора","38.23","33.12","26","26"
"Кърджали","909103","Средно училище Йордан Йовков","38.92","33.6","53","53"
"Кърджали","909105","Средно училище Отец Паисий с природоматематическа насоченост","50.77","50.11","103","102"
"Кърджали","909106","Средно училище Петко Рачов Славейков","61.14","33.61","78","78"
"Кърджали","909107","Езикова гимназия Христо Ботев","56.76","37.28","153","153"
"Кърджали","909108","Професионална гимназия по икономика Алеко Константинов","21.46","22.14","100","100"
"Кърджали","909109","Професионална гимназия по туризъм Проф. д-р Асен Златаров","17.52","11.03","47","48"
"Кърджали","909110","Професионална гимназия Васил Левски","6","11.36","12","11"
"Кърджали","909111","Професионална гимназия по облекло и дизайн Евридика","18.15","17.6","13","15"
"Кърджали","909112","Професионална гимназия по електротехника и електроника Капитан Петко войвода","24.2","29.75","83","83"
"Кърджали","909113","Професионална гимназия по селско и горско стопанство","25.39","41.45","37","39"
"Кърджали","909114","Професионална гимназия по строителство Христо Смирненски","13.3","12.65","23","25"
"Кюстендил","1000002","Професионална гимназия по селско стопанствоСв.Климент Охридски","16.93","10.68","15","14"
"Кюстендил","1000540","Езикова гимназия Д-р Петър Берон","58.77","27.36","84","84"
"Кюстендил","1000550","Природоматематическа гимназия Проф. Емануил Иванов","52.45","39.48","100","100"
"Кюстендил","1001360","Професионална техническа гимназия Джон Атанасов","24.77","12.24","15","17"
"Кюстендил","1001380","Професионална гимназия по икономика и мениджмънт Йордан Захариев","35.81","15.71","89","84"
"Кюстендил","1001390","Спортно училище Васил Левски","33.41","19.66","16","16"
"Кюстендил","1001420","Професионална гимназия по туризъм Никола Йонков Вапцаров","23.52","13.51","25","26"
"Кюстендил","1001670","Професионална гимназия по лека промишленост Владимир Димитров-Майстора","10.86","8.5","7","4"
"Ловеч","1100316","Средно училище Тодор Кирков","24.31","15.17","8","6"
"Ловеч","1100318","Средно училище Свети Климент Охридски","34.23","16.73","11","11"
"Ловеч","1100320","Профилирана природо-математическа гимназия","52.53","45.48","101","101"
"Ловеч","1100322","Професионална гимназия по механоелектротехника","25.47","16.68","35","34"
"Ловеч","1100328","Профилирана езикова гимназия Екзарх Йосиф I","65.49","36.38","130","128"
"Ловеч","1100329","Национална професионална гимназия по ветеринарна медицина Проф. д-р Димитър Димов","43.06","18.05","54","53"
"Ловеч","1100331","Професионална гимназия по икономика търговия и услуги","23.32","31.27","28","26"
"Монтана","1201001","Природо-математическа профилирана гимназия Св. Климент Охридски","60.37","45.92","78","78"
"Монтана","1201002","Профилирана гимназия с преподаване на чужди езици Петър Богдан","58.66","25.41","80","79"
"Монтана","1201004","Второ средно училище Никола Йонков Вапцаров","38.17","14.5","12","14"
"Монтана","1201011","Седмо средно училище Йордан Радичков","28.85","18.18","23","23"
"Монтана","1201021","Финансово-стопанска професионална гимназия Васил Левски","44.42","18.35","73","73"
"Монтана","1201022","Професионална гимназия по строителство, архитектура и компютърни науки Проф. Арх. Стефан Стефанов","48.7","21.89","80","80"
"Монтана","1201023","Професионална гимназия по лека промишленост","18.78","19.36","39","39"
"Монтана","1201033","Професионална гимназия по техника и електротехника Христо Ботев","32.53","16.24","88","89"
"Монтана","1201034","Шесто средно училище Отец Паисий","20.77","16.09","13","11"
"Пазарджик","1300013","Спортно училище град Пазарджик","28.69","14.35","59","58"
"Пазарджик","1301139","Професионална гимназия по икономика и мениджмънт","45.49","20.04","156","152"
"Пазарджик","1301234","Средно училище Димитър Гачев","35.93","44.27","15","15"
"Пазарджик","1301911","ПРОФЕСИОНАЛНА ГИМНАЗИЯ ПО СЕЛСКО СТОПАНСТВО ЦАРИЦА ЙОАННА","10.46","9.74","28","29"
"Пазарджик","1302580","Профилирана гимназия Иван Сергеевич Аксаков","42.15","17.94","23","22"
"Пазарджик","1302769","Професионална гимназия по механоелектротехника","32.6","18.66","124","122"
"Пазарджик","1302961","Професионална гимназия по химични и хранителни технологии","22.75","30.71","85","84"
"Пазарджик","1303006","ПРОФЕСИОНАЛНА ГИМНАЗИЯ ПО ПРОМИШЛЕНИ ТЕХНОЛОГИИ","8.29","8.86","7","7"
"Пазарджик","1303344","Професионална гимназия по фризьорство и ресторантьорство-гр.Пазарджик","18","9.22","25","25"
"Пазарджик","1304290","Езикова гимназия Бертолт Брехт","61.47","37.22","177","173"
"Пазарджик","1304332","Професионална гимназия по строителство и архитектура","20.78","33.79","20","17"
"Пазарджик","1304948","Средно училище Георги Бенковски","47","23.55","25","25"
"Пазарджик","1305338","Средно училище Георги Брегов","38.95","18.03","43","41"
"Пазарджик","1305831","Средно училище Д-р Петър Берон","40.75","22.7","24","24"
"Пазарджик","1309018","ПРОФИЛИРАНА МАТЕМАТИЧЕСКА ГИМНАЗИЯ Константин Величков","61.75","48.13","124","124"
"Перник","1403204","Средно училище Темелко Ненков","27.94","21.38","25","25"
"Перник","1403213","Пето средно училище Петко Рачов Славейков","49.35","24.03","23","23"
"Перник","1403214","VI Средно училище Свети Свети Кирил и Методий ","38.01","16.89","50","48"
"Перник","1403216","Средно училище с разширено изучаване на чужди езици Д-р Петър Берон","52.13","26.81","48","38"
"Перник","1403217","Спортно училище Олимпиец","29.05","14.33","22","20"
"Перник","1403219","Природоматематическа гимназия Христо Смирненски","67.04","45.65","105","103"
"Перник","1403220","Гимназия с преподаване на чужди езици Симеон Радев","55.84","27.47","151","145"
"Перник","1403233","Професионална гимназия по техника и енергетика Христо Ботев","31.01","14.78","73","73"
"Перник","1403234","Професионална гимназия по техника и строителство Арх. Йордан Миланов","48.16","21.6","101","98"
"Перник","1403235","Технологична професионална гимназия Мария Кюри","28.61","22.22","63","61"
"Перник","1403236","Професионална гимназия по икономика","47.74","23.6","101","99"
"Перник","1403237","Професионална гимназия по облекло и туризъм Свети Иван Рилски","30.51","15.57","38","38"
"Плевен","1500130","Математическа гимназия Гео Милев","60.45","48.21","130","130"
"Плевен","1500131","Профилирана гимназия с преподаване на чужди езици Димитър Димов","58.31","28.41","148","148"
"Плевен","1500133","Средно училище Стоян Заимов","36.67","19.53","44","44"
"Плевен","1500134","Средно училище Иван Вазов","62.45","33.8","129","129"
"Плевен","1500135","Средно училище Пейо Крачолов Яворов","35.28","33.39","9","9"
"Плевен","1500136","Средно училище Христо Смирненски","31.9","32.38","15","14"
"Плевен","1500138","Спортно училище Георги Бенковски","28.69","12.11","62","58"
"Плевен","1500140","Държавна финансово-стопанска гимназия Интелект","45.12","20.02","103","104"
"Плевен","1500141","Професионална гимназия по механоелектротехника","30.05","17.37","37","38"
"Плевен","1500142","Професионална гимназия по хранително-вкусови технологии Луи Пастьор","25.52","12.55","26","25"
"Плевен","1500143","Професионална гимназия по мениджмънт и хранителни технологии","19.3","38.11","22","22"
"Плевен","1500144","Професионална гимназия по строителство архитектура и геодезия Никола Фичев","27.54","13.67","24","24"
"Плевен","1500145","Професионална гимназия по транспорт Проф. Цветан Лазаров","24.16","14.41","47","46"
"Плевен","1500146","Професионална гимназия по лозарство и винарство Александър Стамболийски","15.57","12.19","15","13"
"Плевен","1500147","Професионална гимназия по облекло и текстил Христо Бояджиев","40.98","39.19","21","21"
"Плевен","1500148","Професионална гимназия по електроника и химични технологии Проф.Асен Златаров","45.14","24.7","102","102"
"Плевен","1500149","Професионална гимназия по ресторантьорство търговия и обслужване","36.41","15.29","40","40"
"Плевен","1500151","Професионална гимназия по подемна строителна и транспортна техника Г.С.Раковски","16.95","11","30","30"
"Плевен","1500153","Професионална гимназия по туризъм Алеко Константинов","49.36","20.17","100","100"
"Плевен","2902107","Национално училище по изкуствата Панайот Пипков","50.47","23.57","61","61"
"Разград","1702601","Професионална гимназия по икономика Робер Шуман","38.6","16.35","104","103"
"Разград","1702602","Национална професионална техническа гимназия Шандор Петьофи","33.56","20.49","101","100"
"Разград","1702603","Професионална гимназия по химични технологии и биотехнологии Мария Кюри","25.74","14.83","48","46"
"Разград","1702604","Професионална гимназия по селско стопанство и хранително-вкусови технологии Ангел Кънчев","9.72","13.18","27","20"
"Разград","1702607","Професионална гимназия по транспорт и строителство Христо Смирненски","12.48","12.31","26","26"
"Разград","1702608","Профилирана гимназия с преподаване на чужди езици Екзарх Йосиф","57.22","29.18","105","104"
"Разград","1702609","Профилирана природоматематическа гимназия Академик Никола Обрешков","62.56","50.22","102","102"
"Разград","1702629","Професионална гимназия по облекло Станка Николица Спасо-Еленина","12.35","9.68","17","17"
"Разград","1702640","Спортно училище - Разград","28.41","15.54","23","23"
"Русе","1806201","Английска езикова гимназия Гео Милев","70.46","51.69","113","112"
"Русе","1806202","Математическа гимназия Баба Тонка","72.88","79.78","106","106"
"Русе","1806203","Средно училище за европейски езици Свети Константин-Кирил Философ","65.31","36.67","80","79"
"Русе","1806204","Средно училище с преподаване на немски език Фридрих Шилер","60.08","37.61","79","79"
"Русе","1806206","Средно училище Йордан Йовков","32.34","18.4","25","25"
"Русе","1806207","Средно училище Христо Ботев","60.73","33.15","80","76"
"Русе","1806208","Средно училище Възраждане","48.62","25.86","26","26"
"Русе","1806209","Средно училище Васил Левски","48.48","23.09","72","72"
"Русе","1806210","Духовно училище","32.09","14.84","11","11"
"Русе","1806213","Първо частно средно училище Леонардо да Винчи ООД","42.13","28.81","4","4"
"Русе","1806301","Професионална гимназия по електротехника и електроника Апостол Арнаудов","42.49","23.28","101","101"
"Русе","1806302","Професионална гимназия по дървообработване и вътрешна архитектура Йосиф Вондрак - Русе","36.25","14.95","69","69"
"Русе","1806305","Професионална гимназия по селско стопанство Ангел Кънчев","19.42","14.54","18","18"
"Русе","1806306","ПРОФЕСИОНАЛНА ГИМНАЗИЯ ПО МЕХАНОТЕХНИКА ЮРИЙ ГАГАРИН","20.51","14.96","50","50"
"Русе","1806307","Професионална гимназия по облекло Недка Иван Лазарова","28.15","15.62","62","60"
"Русе","1806309","Професионална гимназия по туризъм Иван П. Павлов","42.53","18.14","100","100"
"Русе","1806310","Професионална гимназия по икономика и управление Елиас Канети","62.71","38.48","82","82"
"Русе","1806311","ПРОФЕСИОНАЛНА ГИМНАЗИЯ ПО РЕЧНО КОРАБОСТРОЕНЕ И КОРАБОПЛАВАНЕ","35.06","17.42","73","73"
"Русе","1806312","Професионална гимназия по транспорт","30.89","19.24","52","52"
"Русе","1806313","Професионална гимназия по строителство архитектура и геодезия Пеньо Пенев","48.19","29.2","106","105"
"Русе","1806315","Професионална гимназия по промишлени технологии Атанас Цонев Буров","28.17","28.7","35","32"
"Русе","1806401","Спортно училище Майор Атанас Узунов","25.22","15.06","16","16"
"Русе","2902105","НАЦИОНАЛНО УЧИЛИЩЕ ПО ИЗКУСТВАТА ПРОФ.ВЕСЕЛИН СТОЯНОВ","53.58","20.37","36","35"
"Силистра","1900502","Средно училище Никола Йонков Вапцаров","52.27","25.98","28","28"
"Силистра","1900503","Природоматематическа гимназия Св.Климент Охридски","60.83","33.2","74","73"
"Силистра","1900504","Езикова гимназия Пейо Яворов","58.81","25.41","76","76"
"Силистра","1900505","Професионална гимназия по механотехника Владимир Комаров","26.93","19.92","15","15"
"Силистра","1900506","Професионална гимназия по стопанско управление, администрация и услуги Атанас Буров","37.53","18.12","73","69"
"Силистра","1900507","Професионална земеделска гимназия Добруджа","32.2","32.89","23","23"
"Силистра","1900508","Професионална гимназия по строителство Пеньо Пенев","36.4","15.72","20","19"
"Силистра","1900510","Професионална гимназия по производствени технологии Евлогий Георгиев","27.5","21.54","13","13"
"Силистра","1900528","Спортно училище Дръстър","23.59","13.45","17","16"
"Сливен","2000105","Средно училище Хаджи Мина Пашов","17.83","13.34","20","20"
"Сливен","2000109","Средно училище Пейо Крачолов Яворов ","32.44","16.38","24","24"
"Сливен","2000114","Средно училище Йордан Йовков","39.4","21.63","26","26"
"Сливен","2000115","Средно училище Константин Константинов","33.46","18.76","25","25"
"Сливен","2000117","Професионална гимназия по текстил и облекло Добри Желязков","16.22","10.39","63","65"
"Сливен","2000118","Професионална гимназия по електротехника и електроника Мария Склодовска-Кюри","21.73","14.24","46","44"
"Сливен","2000119","Професионална гимназия по икономика Професор доктор Димитър Табаков","42.33","20.29","129","126"
"Сливен","2000120","Професионална гимназия по хотелиерство и туризъм Академик Неделчо Неделчев","38.3","16.9","99","98"
"Сливен","2000122","Сливенска професионална гимназия по строителство и геодезия Арх. Георги Козаров","28.33","16.73","49","49"
"Сливен","2000123","Професионална гимназия по механотехника","9.42","10.4","72","68"
"Сливен","2000126","Профилирана природо-математическа гимназия Добри П. Чинтулов","65.1","46.76","121","119"
"Сливен","2000127","Профилирана гимназия с преподаване на западни езици Захарий Стоянов","63.88","29.91","126","122"
"Сливен","2000128","Спортно училище Димитър Рохов","33.07","15.48","35","25"
"Сливен","2000129","Профилирана хуманитарна гимназия Дамян Дамянов","49.09","17.87","51","51"
"Сливен","2902504","Национална художествена гимназия Димитър Добрович","48.93","24.36","27","27"
"Смолян","2100103","Средно училище Св. Св. Кирил и Методий","46.91","22.85","39","38"
"Смолян","2100105","Средно училище Отец Паисий","35.89","20.75","18","18"
"Смолян","2100111","Професионална гимназия по техника и технологии Христо Ботев","33.56","21.95","57","56"
"Смолян","2100113","Професионална гимназия по икономика Карл Маркс","46.17","23","52","52"
"Смолян","2100115","Смолянска професионална гимназия по туризъм и строителство Никола Й. Вапцаров","33.26","17.86","31","30"
"Смолян","2103321","Профилирана природо-математическа гимназия Васил Левски","61.51","52.01","78","78"
"Смолян","2103331","Езикова гимназия Иван Вазов","63.57","35.87","79","78"
"Смолян","2902506","Професионална гимназия за приложни изкуства","45.32","20.75","14","14"
"Стара Загора","2400014","Средно училище Железник","42.91","18.88","23","23"
"Стара Загора","2400020","Професионална гимназия по компютърни науки и математически анализи Проф. Минко Балкански","55.29","40.57","76","74"
"Стара Загора","2400102","Профилирана природоматематическа гимназия Гео Милев","69.79","55.63","128","124"
"Стара Загора","2400104","Средно училище Васил Левски","40.96","21.76","28","28"
"Стара Загора","2400105","Средно училище Христо Смирненски","10.4","27.93","10","10"
"Стара Загора","2400106","Средно училище Максим Горки","53.6","23.39","105","106"
"Стара Загора","2400107","Средно училище Иван Вазов","46.8","21.98","47","47"
"Стара Загора","2400108","Спортно училище Тодор Каблешков","30.74","16.64","48","47"
"Стара Загора","2400111","Професионална гимназия по механотехника и транспорт Н. Й. Вапцаров","19.93","13.05","34","35"
"Стара Загора","2400112","ПРОФЕСИОНАЛНА ГИМНАЗИЯ ПО ЕЛЕКТРОТЕХНИКА И ТЕХНОЛОГИИ Г. С. РАКОВСКИ","29.84","18.34","68","69"
"Стара Загора","2400116","Национална професионална гимназия по ветеринарна медицина Иван Павлов","44.35","18.61","105","105"
"Стара Загора","2400117","Професионална гимназия по електроника Джон Атанасов","38.27","18.77","99","99"
"Стара Загора","2400119","Професионална гимназия по строителство и дървообработване Инж. Недьо Ранчев","14.15","9.12","56","47"
"Стара Загора","2400165","Професионална гимназия по облекло и хранене Райна Княгиня","35.47","15.89","101","99"
"Стара Загора","2400174","Средно училище Христо Ботев","17.61","11.96","14","13"
"Стара Загора","2402016","Търговска гимназия Княз Симеон Търновски","60.65","29.56","105","104"
"Стара Загора","2402131","Професионална гимназия по строителство, архитектура и геодезия Лубор Байер","58.94","37.28","130","128"
"Стара Загора","2403264","Гимназия с преподаване на чужди езици Ромен Ролан","71.5","47.3","211","199"
"Стара Загора","2902104","Национално училище за музикални и сценични изкустваХристина Морфова","42.15","17.28","42","37"
"Стара Загора","2400161","Частно средно училище Нов век","45.83","18.25","3","2"
"Търговище","2500203","Спортно училище Никола Симов","24.48","36.74","20","20"
"Търговище","2500204","Първо средно училище Свети Седмочисленици","58.03","37.25","102","100"
"Търговище","2500601","Професионална гимназия по икономическа информатика Джон Атанасов ","36.89","23.66","89","89"
"Търговище","2500602","Професионална техническа гимназия Цар Симеон Велики","35.05","28.09","66","66"
"Търговище","2500603","Професионална гимназия по електротехника и строителство","20.31","14.73","13","13"
"Търговище","2500604","Професионална гимназия по туризъм и хранително-вкусови технологии Алеко Константинов","17.28","11.33","45","42"
"Търговище","2500605","Професионална гимназия по земеделие","12.97","14.36","31","31"
"Търговище","2500703","Специално училище за ученици с увреден слух Свети Иван Рилски","4.8","9.6","5","5"
"Търговище","2501694","Второ средно училище Професор Никола Маринов","55.76","27.58","80","79"
"Хасково","2601025","Средно училище Васил Левски","38.46","23.44","27","26"
"Хасково","2601026","Средно училище Св.Паисий Хилендарски","37.24","19.57","17","17"
"Хасково","2601027","СПОРТНО УЧИЛИЩЕ СТЕФАН КАРАДЖА","11.22","12.04","27","26"
"Хасково","2601028","Езикова гимназия Проф. д-р Асен Златаров","66.44","36.02","184","183"
"Хасково","2601029","Природо-математическа гимназия Академик Боян Петканчин","64.46","54.91","128","127"
"Хасково","2601031","Финансово-стопанска гимназия Атанас Буров","33.27","17.63","118","116"
"Хасково","2601032","Професионална гимназия по туризъм Александър Паскалев","31.66","16.14","90","87"
"Хасково","2601034","Професионална гимназия по дървообработване и строителство Цар Иван Асен ","44.13","23.41","120","120"
"Хасково","2601035","Професионална гимназия по лека промишленост Райна Княгиня","12.8","9.94","41","41"
"Хасково","2601036","Професионална гимназия по механоелектротехника Стойчо и Кица Марчеви","16.36","13.46","66","65"
"Хасково","2601904","Професионална гимназия по транспорт и аграрни технологии Н.Й.Вапцаров","9.33","16.15","29","26"
"Шумен","2700006","Професионална гимназия по строителство архитектура и геодезия","26.04","14.14","75","75"
"Шумен","2700011","Професионална гимназия по икономика","33.82","16.47","98","97"
"Шумен","2700031","Професионална гимназия по облекло, хранене и химични технологии Проф. д-р Асен Златаров","22.03","10.79","30","27"
"Шумен","2700064","Професионална гимназия по селско стопанство и хранителни технологии","13.85","11.44","43","41"
"Шумен","2700076","Средно училище Панайот Волов","60.31","29.82","78","74"
"Шумен","2700083","Профилирана езикова гимназия Никола Йонков Вапцаров","53.5","24.91","118","119"
"Шумен","2700147","Средно училище Трайко Симеонов","16.63","10.38","15","12"
"Шумен","2700182","Средно училище Йоан Екзарх Български","49.64","20.84","77","76"
"Шумен","2700197","Средно училище Сава Доброплодни","59.75","33.49","102","101"
"Шумен","2700217","Духовно училище Нювваб","27.18","17.4","20","20"
"Шумен","2700221","Профилирана природоматематическа гимназия Нанчо Попович","62.19","45.64","130","125"
"Шумен","2700231","Средно училище Васил Левски","28.18","16.14","22","22"
"Шумен","2707033","Професионална гимназия по механотехника електроника телекомуникации и транспорт Христо Ботев","23.21","13.01","77","77"
"Ямбол","2811510","Средно училище Св. Климент Охридски","33.33","14.92","20","19"
"Ямбол","2811514","Обединено училище Д-р Петър Берон","30.12","34.1","33","31"
"Ямбол","2811515","Профилирана гимназия Васил Левски","53.01","23.13","99","98"
"Ямбол","2811516","Природо-математическа гимназия Атанас Радев","59.92","41.49","96","96"
"Ямбол","2811517","Езикова гимназия Васил Карагьозов","48.28","25.98","64","63"
"Ямбол","2811518","Спортно училище Пиер дьо Кубертен","35.15","23.5","10","9"
"Ямбол","2811601","Професионална техническа гимназия Иван Райнов","26.69","16.38","50","50"
"Ямбол","2811602","Професионална гимназия по икономика Георги Стойков Раковски","19.27","9.45","11","11"
"Ямбол","2811603","Професионална гимназия по туризъм Алеко Константинов","27.33","17.93","39","38"
"Ямбол","2811604","Професионална гимназия по земеделие Христо Ботев","27.08","38.01","40","39"
"Ямбол","2811607","Гимназия по строителство и архитектура, графика и дизайн Кольо Фичето","53.02","42.24","106","106"
"Ямбол","2811608","Професионална гимназия по подемна, строителна и транспортна техника Никола Й. Вапцаров","14.42","29.3","37","37"
"Ямбол","2811613","Професионална гимназия по лека промишленост, екология и химични технологии","25.89","37.93","48","48"
"Айтос","200112","Средно училище Христо Ботев","51.2","38.9","53","53"
"Айтос","200113","Средно училище Никола Йонков Вапцаров","35.88","36.5","103","103"
"Айтос","200114","Професионална гимназия по селско стопанство Златна нива","32.23","36.37","59","59"
"Аксаково","400087","Средно училище Свети Климент Охридски","37.58","16.4","26","25"
"Асеновград","1600114","Средно училище Свети княз Борис I","51.92","36.34","75","75"
"Асеновград","1600116","Средно училище Свети свети Кирил и Методий","49.69","29.37","100","100"
"Асеновград","1600128","Професионална гимназия Свети Патриарх Евтимий ","11.76","9.86","40","35"
"Асеновград","1600617","Професионална гимназия по Хранително-вкусови технологии Св. Димитрий Солунски","18.35","12.47","40","42"
"Асеновград","1600618","Професионална гимназия Цар Иван Асен II","34.14","17.33","98","97"
"Балчик","800061","Средно училище Христо Ботев","41.97","23.26","44","44"
"Банкя","2201078","78. Средно училище Христо Смирненски","29.33","17.12","38","35"
"Банкя","2201400","Професионална гимназия по туризъм Алеко Константинов","28.77","14.21","71","69"
"Банско","102004","Професионална лесотехническа гимназияНикола Йонков Вапцаров","21.7","15.84","27","27"
"Банско","102010","Гимназия по туризъм Алеко Константинов","21.41","13.63","11","12"
"Банско","102015","Професионална гимназия по електроника и енергетика","35.75","22.87","46","45"
"Банско","105201","Средно училище Неофит Рилски","42.29","54.31","21","21"
"Белене","1500705","Средно училище Димчо Дебелянов","36.12","22.64","29","29"
"Белене","1500706","Професионална гимназия по ядрена енергетика Мария Склодовска - Кюри","46","26.25","5","5"
"Белоградчик","500201","СУ Христо Ботев","29.05","13.75","28","28"
"Белослав","400096","Средно училище Св. св. Кирил и Методий","36.79","19.56","31","28"
"Белослав","400098","Професионална гимназия Свети Димитър Солунски","23.9","42.01","36","35"
"Берковица","1202000","Профилирана гимназия Д-р Иван Панов","34.53","18.72","34","31"
"Берковица","1202011","Лесотехническа професионална гимназия","36.55","23.95","38","38"
"Бобов дол","1000016","Средно училище Христо Ботев","30.75","12.22","8","8"
"Бобов дол","1000018","Средно училище Доктор Петър Берон","27.38","26.5","4","4"
"Бобов дол","1002451","Професионална гимназия","27.2","14.77","23","23"
"Божурище","2308970","Средно училище Летец Христо Топракчиев","51.48","27.58","24","24"
"Ботевград","2300099","Профилирана природо-математическа гимназия Акад.проф.д-р Асен Златаров","57.25","35.18","101","102"
"Ботевград","2300284","Професионална гимназия по техника и мениджмънт Христо Ботев","28.15","13.33","79","79"
"Ботевград","2301044","Техническа професионална гимназия Стамен Панчев","15.12","10.15","34","33"
"Бяла Слатина","600221","Професионална гимназия по облекло Елисавета Багряна","41.43","56.02","14","14"
"Бяла Слатина","603024","Средно училище Васил Левски","41.39","20.18","45","44"
"Бяла Слатина","603026","Професионална агротехническа гимназия Никола Йонков Вапцаров","30.12","14.44","61","48"
"Велики Преслав","2700024","Професионална техническа гимназия Симеон Велики","32.19","13.83","47","46"
"Велики Преслав","2700103","Средно училище Черноризец Храбър","28.29","17.68","7","7"
"Велики Преслав","2700282","Професионална гимназия по селско стопанство","21.37","13.18","15","14"
"Велинград","1301674","Средно училище Св. св. Кирил и Методий","48.96","22.17","73","71"
"Велинград","1302573","Средно училище Васил Левски","67.03","49.57","50","50"
"Велинград","1302979","ПРОФЕСИОНАЛНА ГИМНАЗИЯ ПО ДЪРВООБРАБОТВАНЕ ИВАН ВАЗОВ","26.6","27.6","20","21"
"Велинград","1304231","Професионална гимназия по икономика и туризъм Алеко Константинов","33.63","18.35","91","91"
"Велинград","1311390","Национална професионална гимназия по горско стопанство Христо Ботев","32.65","43.35","40","39"
"Вършец","1208002","Средно училище Иван Вазов","38.86","24.56","44","44"
"Генерал Тошево","800074","Средно училищe Никола Йонков Вапцаров","36.74","23.47","19","19"
"Генерал Тошево","800076","Професионална гимназия по земеделие Тодор Рачински","23.11","14.42","48","48"
"Годеч","2300163","Средно училище Проф. д-р Асен Златаров","42.86","25.69","32","32"
"Горна Оряховица","300216","Средно училище Георги Измирлиев","52.19","24.63","54","51"
"Горна Оряховица","300217","Средно училище Вичо Грънчаров","49.68","23.85","46","42"
"Горна Оряховица","300218","Професионална техническа гимназия Васил Левски","23.16","15.11","19","20"
"Горна Оряховица","300219","Професионална гимназия по електротехника и електроника Михайло Василиевич Ломоносов","43.46","27.09","79","79"
"Горна Оряховица","300220","Професионална гимназия по хранителни технологии Проф.д-р Асен Златаров","14.99","11.26","35","34"
"Горна Оряховица","300221","Професионална гимназия по лека промишленост и икономика Атанас Буров","33.37","17.15","59","59"
"Горна Оряховица","300222","Професионална гимназия по железопътен транспорт Никола Йонков Вапцаров","31.06","17.15","17","17"
"Гоце Делчев","102001","Неврокопска професионална гимназия Димитър Талев","46.99","26.54","160","158"
"Гоце Делчев","102002","Природо-математическа гимназия Яне Сандански","57.67","37.73","134","134"
"Гоце Делчев","102016","Професионална гимназия по механизация на селското стопанство Пейо Крачолов Яворов","30.6","19.72","100","102"
"Гълъбово","2404107","Средно училище Васил Левски","29.07","15.28","22","22"
"Гълъбово","2404108","Професионална гимназия по енергетика и електротехника","23.4","13.69","46","45"
"Девин","2100401","Средно училище Христо Ботев","51.67","34.91","51","51"
"Девин","2100402","Професионална гимназия по електротехника А. С. Попов","31.77","17.53","31","30"
"Девня","400123","Среднo училище Васил Левски","28.5","17.1","46","46"
"Димитровград","2602003","Обединено училище Свети свети Кирил и Методий","13.64","8.79","18","18"
"Димитровград","2602018","Средно училище Любен Каравелов","36.24","19.54","49","49"
"Димитровград","2602019","Природо-математическа гимназия със засилено изучаване на чужди езици Иван Вазов","54.85","37.36","95","95"
"Димитровград","2602020","ПРОФИЛИРАНА ЕЗИКОВА ГИМНАЗИЯ Д-р Иван Богоров","49.65","23.89","83","82"
"Димитровград","2602023","Професионална гимназия Проф. д-р Асен Златаров","16.66","11.17","52","49"
"Долна баня","2303582","Професионална гимназия Христо Ботев","18.35","28.24","17","17"
"Долна баня","2306213","Средно училище Неофит Рилски","32.27","38.79","13","14"
"Долни Чифлик","400126","Средно училище Васил Левски","32.89","16.8","49","49"
"Долни Чифлик","400127","Професионална гимназия по селско стопанствo Иван Владимирович Мичурин","24.46","26.13","58","58"
"Дряново","700204","Средно училище Максим Райкович","33.97","17.03","18","18"
"Дряново","700205","ПРОФЕСИОНАЛНА ГИМНАЗИЯ ПО ИКОНОМИКА И ТЕХНИКА РАЧО СТОЯНОВ","24.8","15.23","20","20"
"Дулово","1900301","Средно училище Васил Левски","43.24","38.79","100","100"
"Дулово","1900327","Професионална гимназия по облекло обслужване и транспорт","22.36","40.71","70","65"
"Дупница","1000035","Средно езиково училище Св. Паисий Хилендарски","66.68","34.59","55","54"
"Дупница","1000049","Професионална гимназия по облекло и стопанско управление Св. Иван Рилски","34.06","14.24","63","50"
"Дупница","1000051","Професионална гимназия по транспорт","23.19","26.33","18","16"
"Дупница","1000052","Профилирана гимназия Христо Ботев","49.04","25.58","99","84"
"Дупница","1002136","Професионална гимназия Акад. Сергей П. Корольов","24.84","14.8","58","55"
"Дупница","1002137","Професионална гимназия по хранително - вкусови и химични технологии","38.1","16.96","48","42"
"Дългопол","400136","Средно училище Свети Климент Охридски","24.72","16.15","56","56"
"Елена","300305","Средно училище Иван Николов Момчилов","41.2","28.62","33","33"
"Елин Пелин","2300170","Средно училище Васил Левски","43.36","29.78","95","95"
"Елхово","2831522","Профилирана гимназия Св. Климент Охридски","57.26","70.25","51","51"
"Елхово","2831609","Професионална гимназия Стефан Караджа","32.83","32.79","43","43"
"Етрополе","2300195","Средно училище Христо Ясенов","40.39","21.3","42","42"
"Етрополе","2300327","Професионална гимназия Тодор Пеев","18.05","14.51","38","38"
"Златица","2300302","Професионална гимназия Златица","36.63","32.16","27","27"
"Златица","2308792","Средно училище Свети Паисий Хилендарски","51.13","23.88","19","19"
"Златоград","2103232","СРЕДНО УЧИЛИЩЕ АНТИМ ","52.25","45.44","61","60"
"Исперих","1701401","Профилирана гимназия ВАСИЛ ЛЕВСКИ","28.85","17.85","68","68"
"Исперих","1701405","Професионална гимназия по селско стопанство Хан Аспарух","18.75","12.1","48","47"
"Ихтиман","2300188","Средно училище Христо Ботев","40.13","22.16","37","29"
"Ихтиман","2300417","Професионална гимназия Васил Левски","11.46","10.15","68","63"
"Каварна","800082","Средно училище Стефан Караджа","38.88","29.11","44","44"
"Каварна","800086","Професионална земеделска гимназия Климент Аркадиевич Тимирязев","23.98","15.3","31","31"
"Казанлък","2400261","Профилирана гимназия Академик Петко Стайнов","12.25","13.09","18","21"
"Казанлък","2400262","Профилирана природо-математическа гимназия Никола Обрешков","64.54","52.28","107","106"
"Казанлък","2400263","Профилирана хуманитарна гимназия Св. Св. Кирил и Методий","42.53","19.19","66","65"
"Казанлък","2400264","Средно училище Екзарх Антим I","55.09","29.16","79","78"
"Казанлък","2400265","ПРОФЕСИОНАЛНА ГИМНАЗИЯ ИВАН ХАДЖИЕНОВ","40.82","22.71","101","101"
"Казанлък","2400266","ПРОФЕСИОНАЛНА ГИМНАЗИЯ ПО ТРАНСПОРТ И ТРАНСПОРТЕН МЕНИДЖМЪНТ","13.79","11.28","78","75"
"Казанлък","2400268","Професионална гимназия по лека промишленост и туризъм","37.78","16.52","72","73"
"Казанлък","2902505","Национално училище по пластични изкуства и дизайн Академик Дечко Узунов","44.67","19.98","47","47"
"Карлово","1601301","Средно училище Васил Левски","63.69","31.93","75","73"
"Карлово","1601302","Средно училище Христо Проданов","44.15","23.75","75","74"
"Карлово","1601361","Професионална гимназия по железопътен транспорт Христо Смирненски","23.06","14.28","55","55"
"Карлово","1601364","Професионална гимназия Братя Евлогий и Христо Георгиеви","17.74","17.16","35","33"
"Карнобат","200411","Средно училище Св.Св.Кирил и Методий","40.28","40.27","51","51"
"Карнобат","200412","Средно училище Христо Ботев","48.99","59.71","77","77"
"Карнобат","200413","Професионална гимназия по селско стопанство","37.33","37.58","66","77"
"Кнежа","1501108","Средно училище Неофит Рилски","22.22","41.11","9","9"
"Кнежа","1501109","Професионална гимназия по земеделие Стефан Цанов","30.34","17.71","68","67"
"Кнежа","1501110","Професионална гимназия по механоелектротехника Христо Смирненски","17.25","11.56","26","27"
"Козлодуй","603076","Средно училище Христо Ботев","46.69","22.6","47","47"
"Козлодуй","603077","Средно училище Св. св. Кирил и Методий","58.88","38.43","43","43"
"Козлодуй","603078","Професионална гимназия по ядрена енергетика Игор Курчатов","25.51","12.61","75","76"
"Костенец","2303490","Средно училище Св. Климент Охридски","56.27","65.09","52","50"
"Костенец","2304717","Професионална гимназия Георги Сава Раковски","35.57","51.04","52","51"
"Костинброд","2309638","Средно училище Д-р Петър Берон","40.7","19.94","43","41"
"Костинброд","2309735","Професионална гимназия по ветеринарна медицина и селско стопанство Св. Г. Победоносец","43.68","19.99","46","42"
"Котел","2000201","Средно училище Георги Стойков Раковски","20.98","12.22","55","57"
"Котел","2902201","Национално училище за фолклорни изкуства Филип Кутев","38.87","31","41","41"
"Кричим","1601403","Средно училище Петко Рачов Славейков","22.89","16.37","18","15"
"Крумовград","909501","Средно училище Васил Левски","46.13","27.26","72","71"
"Крумовград","909503","Професионална гимназия по транспорт Христо Смирненски","20.7","29.3","45","43"
"Кубрат","1701601","Средно училище Христо Ботев","53.56","23.67","47","47"
"Кубрат","1701602","Професионална гимназия","18.97","11.58","36","37"
"Куклен","1601101","Средно училище Отец Паисий","32.7","14.69","10","9"
"Куклен","1601102","Професионална гимназия по селско стопанство","14.59","9.5","22","21"
"Левски","1500611","Средно училище Крум Попов","26.89","16.72","47","47"
"Левски","1500613","Професионална гимназия по селско стопанство и транспорт Никола Йонков Вапцаров","22.83","15.5","12","12"
"Лом","1202036","Професионална гимназия по хранене и земеделие Дмитрий Иванович Менделеев","28.22","32.99","36","35"
"Лом","1209003","Средно училище Отец Паисий","35.93","42","7","6"
"Лом","1209005","Средно училище Димитър Маринов","45.78","19.11","20","20"
"Лом","1209006","Профилирана гимназия Найден Геров","45.4","25.37","46","46"
"Лом","1209012","Професионална гимназия по производствени технологии","30.42","29.46","50","51"
"Луковит","1100402","Средно училище Алеко Константинов","17.95","11.22","47","47"
"Луковит","1100410","Професионална гимназия по селско стопанство Сергей Румянцев","29.29","13.87","62","58"
"Любимец","2606005","Средно училище Желязко Терпешев","25.49","19.33","58","56"
"Лясковец","300507","Средно училище Максим Райкович","37.21","49.33","36","35"
"Мадан","2100701","Средно училище Отец Паисий","50.31","28.32","47","47"
"Мадан","2102145","Професионална гимназия Васил Димитров","44.79","30.42","24","23"
"Мездра","603098","Средно училище Иван Вазов","36.84","17.44","47","47"
"Мездра","603100","Професионална гимназия Алеко Константинов","26.06","11.38","17","15"
"Мездра","603101","Професионална гимназия Васил Левски","41.5","43.5","11","11"
"Момчилград","909601","Средно училище Никола Йонков Вапцаров","33.77","26.99","49","49"
"Момчилград","909603","Професионална гимназия по туризъм и хранително-вкусова промишленост Св. Св. Кирил и Методий","31.5","34.73","11","11"
"Момчилград","909613","Духовно Училище","35.33","20.72","29","29"
"Несебър","200608","Средно училище Любен Каравелов","42.96","22.58","78","78"
"Несебър","200609","Професионална гимназия по туризъм Иван Вазов","24.54","15.57","94","84"
"Нова Загора","2000304","Средно училище Иван Вазов","27.04","38.08","13","13"
"Нова Загора","2000305","Средно училище Христо Ботев","53.84","29.75","60","59"
"Нова Загора","2000306","Професионална гимназия по селско стопанство","11.25","11.26","61","60"
"Нова Загора","2000307","Професионална гимназия по техника и технологии Атанас Димитров","25.08","19.14","59","57"
"Нови Искър","2215170","170 Средно училище Васил Левски","43.26","20.99","80","79"
"Нови Искър","2215172","172 Обединено училище Христо Ботев","18.07","9.93","14","15"
"Нови пазар","2700047","Средно училище Васил Левски","30.66","15.85","48","48"
"Нови пазар","2700071","Средно училище Хан Исперих","34.35","23.4","26","25"
"Нови пазар","2700220","Професионална гимназия по селско стопанство","7.95","12.37","19","19"
"Нови пазар","2700224","Професионална гимназия по химични технологии и дизайн Проф. д-р Асен Златаров","7.19","10.33","21","21"
"Омуртаг","2520401","Профилирана гимназия Симеон Велчев","36.45","17.01","75","75"
"Омуртаг","2520601","Професионална гимназия  по транспорт и лека промишленост","21.9","33.9","31","31"
"Оряхово","603116","Средно училище Христо Ботев","35.58","17.23","44","44"
"Павликени","300618","Средно училище Бачо Киро","46.71","21.4","35","34"
"Павликени","300619","Професионална гимназия по аграрни технологии Цанко Церковски","31.07","21","65","60"
"Панагюрище","1302623","Средно училище Нешо Бончев","57.01","31.74","60","60"
"Панагюрище","1305587","Професионална гимназия по индустриални технологии, мениджмънт и туризъм Проф. Лъчезар Цоцорков","30.7","34.63","68","68"
"Перущица","1602402","Професионална гимназия по лозарство и винарство Христо Ботев","14.85","18.38","40","42"
"Петрич","102009","Професионална гимназия по механоелектротехника Юрий Гагарин","11.4","10.89","39","36"
"Петрич","102014","Професионална гимназия по икономика и туризъм Проф. д-р Асен Златаров","32.54","17.77","95","93"
"Петрич","103310","Средно училище Никола Йонков Вапцаров","40.74","21.54","47","47"
"Петрич","104001","Профилирана гимназия Пейо Крачолов Яворов","48.31","29.46","118","116"
"Петрич","104002","Средно училище Антон Попов","6.25","9.62","16","15"
"Пещера","1302630","Средно училище Свети Климент Охридски","45.68","24.75","25","25"
"Пещера","1302819","Професионална гимназия по хранително- вкусови технологии Атанас Ченгелев","28.52","18.12","41","41"
"Пещера","1304357","Обединено училище Любен Каравелов","15.1","31.38","20","20"
"Пирдоп","2300105","Средно училище Саво Ценов Савов","53.1","35.78","20","20"
"Пирдоп","2300448","Професионална гимназия по туризъм и хранителни технологии Никола Димов","31.64","15.14","14","14"
"Пирдоп","2302504","Професионална гимназия по механаноелектротехника","28.39","18.67","37","36"
"Поморие","200711","Средно училище Иван Вазов","48.94","24.41","52","50"
"Поморие","200712","Професионална гимназия по туризъм Алеко Константинов","19.83","13.65","38","37"
"Попово","2540401","Профилирана гимназия Христо Ботев","51.59","32.05","41","41"
"Попово","2540601","Професионална гимназия по техника и лека промишленост","28.73","16.81","44","43"
"Попово","2540602","Професионална гимназия по селско стопанство Никола Пушкаров","31.65","17.28","91","89"
"Правец","2304770","Профилирана гимназия с преподаване на чужди езици Алеко Константинов","49.94","19.83","98","97"
"Правец","2309991","Национална професионална гимназия по компютърни технологии и системи","55.72","56.06","138","136"
"Провадия","400148","Средно училище Димитър Благоев","41.86","28.22","50","50"
"Провадия","400149","Професионална гимназия по хотелиерство ресторантьорство и туризъм Цар Симеон Велики","13.26","11.72","35","37"
"Провадия","400150","Професионална гимназия по селско стопанство Земя","16.86","12.15","59","58"
"Първомай","1602314","Средно училище Проф. д-р Асен Златаров","43.82","23.98","76","76"
"Първомай","1602315","Професионална гимназия по селско стопанство Васил Левски","24.23","11.18","48","48"
"Раднево","2401052","Средно училище Гео Милев","45.06","18.72","47","45"
"Раднево","2401053","Професионална гимназия Св.Иван Рилски","21.42","15.14","24","24"
"Радомир","1403655","Средно училище Свети Свети Кирил и Методий","50.9","42.53","47","46"
"Радомир","1403656","Техническа професионална гимназия Никола Йонков Вапцаров","26.78","16.34","34","31"
"Радомир","1403657","Професионална гимназия по транспорт Юрий Гагарин","14.74","11.59","17","16"
"Ракитово","1301770","Средно училище Свети Климент Охридски","31.54","21.03","40","39"
"Ракитово","1302722","Възпитателно училище-интернат Ангел Узунов I-XII клас","40.14","42.18","7","7"
"Разлог","102012","Разложка професионална гимназия Никола Стойчев","34.74","33.98","33","32"
"Разлог","102017","Професионална гимназия по механизация на селското стопанствo","30.14","31.43","42","41"
"Разлог","102113","Професионална гимназия по транспорт","28.93","29.57","73","72"
"Разлог","103501","Средно училище Братя Петър и Иван Каназиреви","55.66","38.99","75","74"
"Раковски","1602511","Професионална гимназия Петър Парчевич","16.72","16.6","49","48"
"Самоков","2300131","Профилирана природоматематическа гимназия Константин Фотинов","57.12","35.19","49","49"
"Самоков","2300291","Професионална техническа гимназия Никола Й. Вапцаров","40.27","42.86","68","68"
"Самоков","2300505","Професионална гимназия по туризъм","17.39","11.95","53","47"
"Самоков","2303106","Средно училище Отец Паисий","55.4","33.61","44","44"
"Самоков","2303825","Обединено училище Неофит Рилски","8.52","13.5","26","20"
"Самоков","2304610","Спортно училище Никола Велчев","45.82","24.36","14","14"
"Сандански","102007","Професионална техническа гимназия","19.48","10.34","25","25"
"Сандански","102013","Земеделска професионална гимназия Климент Аркадиевич Тимирязев","52.54","28.14","153","153"
"Сандански","104101","Профилирана гимназия Яне Сандански","41.65","22.95","126","122"
"Сандански","109185","Спортно училище","28.88","22.06","20","17"
"Свиленград","2605008","Средно училище Д-р Петър Берон","52.75","38.49","67","64"
"Свиленград","2605016","Професионална гимназия по селско стопанство и икономика Христо Ботев","30.07","16.94","79","75"
"Свищов","300814","Средно училище Цветан Радославов","35.6","22.6","21","21"
"Свищов","300815","Средно училище Николай Катранов","57.98","33.58","47","47"
"Свищов","300816","Средно училище Димитър Благоев","53","27.16","42","42"
"Свищов","300817","Професионална държавна търговска гимназия Димитър Хадживасилев","31.52","17.72","31","30"
"Свищов","300819","Свищовска професионална гимназия Алеко Константинов","27.73","15.81","39","36"
"Своге","2303022","Професионална гимназия Велизар Пеев","47.79","22.85","119","118"
"Своге","2308867","Средно училище Иван Вазов","45.7","18.68","10","10"
"Севлиево","700318","Средно училище Васил Левски","56.75","27.41","65","63"
"Севлиево","700323","Професионална гимназия по механоелектротехника Ген.Иван Бъчваров","33.26","17.88","88","86"
"Севлиево","700330","Професионална гимназия Марин Попов","20.23","12.91","28","29"
"Септември","1301788","Средно училище Христо Ботев","45.27","21.52","28","28"
"Септември","1302993","Професионална гимназия по механизация на земеделското стопанство","25.39","38.67","27","27"
"Септември","1303889","Средно училище Христо Смирненски","20.42","45.71","12","12"
"Симеоновград","2604004","Средно училище Свети Климент Охридски","14.95","10.69","22","22"
"Симитли","103133","Средно училище Св. Св. Кирил и Методий","27.33","15.69","20","20"
"Сливница","2300455","Професионална гимназия по транспорт Никола Йонков Вапцаров","36.78","17.48","45","45"
"Сливница","2306517","Средно училище Св.Св. Кирил и Методий","54.07","32","23","23"
"Созопол","201009","Средно училище Св. св. Кирил и Методий","16.64","12","29","29"
"Сопот","1601303","Средно училище Иван Вазов","26.5","13.04","23","23"
"Сопот","1601363","Професионална гимназия Генерал Владимир Заимов","42.09","20.95","154","153"
"Средец","201104","Средно училище Свети Свети Кирил и Методий","21.47","13.08","18","18"
"Средец","201106","Професионална гимназия по механизация на селското стопанство и електроника Никола Йонков Вапцаров","17.31","14.61","51","52"
"Стамболийски","1602904","Обединено училище Христо Ботев гр. Стамболийски","10.67","8.92","6","6"
"Стамболийски","1602907","Средно училище Отец Паисий","27.23","16","11","7"
"Стражица","300911","Средно училище Ангел Каралийчев","27.72","17.02","25","26"
"Стражица","300912","Професионална гимназия по транспорт Васил Друмев","20.81","15.79","13","14"
"Стралджа","2841532","Средно училище Пейо Крачолов Яворов","53.85","53.87","30","30"
"Стрелча","1302662","Средно училище Св.Св. Кирил и Методий","30.27","22.45","22","20"
"Суворово","400163","Средно училище Никола Йонков Вапцаров","33.48","18.4","24","24"
"Суворово","400166","Професионална гимназия по селско стопанство Свети Георги Победоносец","37.52","42.95","29","33"
"Съединение","1600035","Средно училище Недялка Шилева","18.59","11.93","17","18"
"Твърдица","2000402","Средно училище Неофит Рилски","21.19","14.93","36","35"
"Тервел","800094","Средно училище Йордан Йовков ","35.81","26.17","24","24"
"Тервел","800105","Професионална гимназия по техника и облекло Дочо Михайлов","20.84","15.89","35","33"
"Тетевен","1100509","Средно училище Георги Бенковски","39.92","20.63","48","48"
"Тетевен","1100511","Национална професионална гимназия по горско стопанство и дървообработване Сава Младенов","34.82","16.73","64","64"
"Тетевен","1100514","Професионална гимназия по строителство електротехника и услуги","27.57","24.17","36","35"
"Тополовград","2611018","Средно училище Д-р Петър Берон","31.03","35","58","58"
"Троян","1100612","Средно училище Васил Левски","57.06","26.9","76","76"
"Троян","1100613","Средно училище Свети Климент Охридски","55.4","26.92","43","43"
"Троян","1100616","Професионална гимназия по механоелектротехника Академик Ангел Балевски","23.87","18.48","46","45"
"Троян","2902502","Национално училище за приложни изкуства Проф. Венко Колев","46.9","17.56","26","26"
"Трявна","700403","Средно училище Петко Рачев Славейков","48.24","19.71","21","21"
"Трявна","2902503","НАЦИОНАЛНА ГИМНАЗИЯ ЗА ПРИЛОЖНИ ИЗКУСТВА ТРЕВНЕНСКА ШКОЛА","48.3","23.21","25","25"
"Тутракан","1900701","Средно училище Йордан Йовков","31.5","17.68","23","22"
"Тутракан","1900702","Средно училище Христо Ботев","46.84","30.48","46","46"
"Харманли","2603008","Средно училище Неофит Рилски","33.62","32.4","89","89"
"Харманли","2603009","Професионална гимназия по електропромишленост и текстил Захари Стоянов","14.95","10.36","37","37"
"Хисаря","1603708","Средно училище Христо Смирненски","36.59","17.43","47","48"
"Царево","201305","Средно училище Никола Йонков Вапцаров","43.64","23.75","57","55"
"Червен бряг","1500215","Средно училище Д-р Петър Берон","53.84","57.11","49","49"
"Червен бряг","1500217","Професионална гимназия по хранителни технологии Юрий Гагарин","31.94","30.41","34","34"
"Червен бряг","1500218","Професионална гимназия по механоелектротехника Девети май","24.72","40.58","32","31"
"Червен бряг","1500219","Търговска гимназия Васил Евстатиев Априлов","40.86","28.95","21","21"
"Чепеларе","2100901","Средно Училище Васил Дечев","54.5","15.18","7","7"
"Чепеларе","2100903","Професионална гимназия по селско горско стопанство и туризъм Никола Йонков Вапцаров","32.64","22.26","28","27"
"Чирпан","2401178","Средно училище Пейо Крачолов Яворов","46.09","29.3","58","57"
"Чирпан","2401179","Професионална гимназия по селско стопанство","27.73","26.02","71","71"
"Якоруда","102011","Професионална гимназия Петко Рачов Славейков","28.03","25.83","40","40"
"Якоруда","107090","Средно училище Свети Свети Кирил и Методий","39.12","44.47","30","29"
